"clip","n","workers","seconds","duration","results_csv"
"a/clip_20s_120s","1","1","83,454394","1m23.4543943s","D:\Repository\go\unik\MP\bench_runs\clips_full\a\clip_20s_120s\results.csv"
"a/clip_20s_120s","1","2","78,933512","1m18.9335122s","D:\Repository\go\unik\MP\bench_runs\clips_full\a\clip_20s_120s\results.csv"
"a/clip_20s_120s","1","4","71,902313","1m11.9023127s","D:\Repository\go\unik\MP\bench_runs\clips_full\a\clip_20s_120s\results.csv"
"a/clip_20s_120s","1","6","61,907399","1m1.9073994s","D:\Repository\go\unik\MP\bench_runs\clips_full\a\clip_20s_120s\results.csv"
"a/clip_20s_120s","1","8","57,19273","57.1927302s","D:\Repository\go\unik\MP\bench_runs\clips_full\a\clip_20s_120s\results.csv"
"a/clip_20s_120s","1","10","56,921894","56.9218942s","D:\Repository\go\unik\MP\bench_runs\clips_full\a\clip_20s_120s\results.csv"
"a/clip_20s_120s","1","12","56,906124","56.9061238s","D:\Repository\go\unik\MP\bench_runs\clips_full\a\clip_20s_120s\results.csv"
"a/clip_20s_120s","1","16","58,056449","58.0564485s","D:\Repository\go\unik\MP\bench_runs\clips_full\a\clip_20s_120s\results.csv"
"a/clip_20s_120s","1","32","57,31734","57.3173401s","D:\Repository\go\unik\MP\bench_runs\clips_full\a\clip_20s_120s\results.csv"
"a/clip_20s_120s","1","64","56,585754","56.5857539s","D:\Repository\go\unik\MP\bench_runs\clips_full\a\clip_20s_120s\results.csv"
"a/clip_20s_120s","1","128","56,03415","56.0341498s","D:\Repository\go\unik\MP\bench_runs\clips_full\a\clip_20s_120s\results.csv"
"a/clip_20s_120s","6","1","67,859163","1m7.8591628s","D:\Repository\go\unik\MP\bench_runs\clips_full\a\clip_20s_120s\results.csv"
"a/clip_20s_120s","6","2","63,773656","1m3.7736562s","D:\Repository\go\unik\MP\bench_runs\clips_full\a\clip_20s_120s\results.csv"
"a/clip_20s_120s","6","4","61,631035","1m1.6310351s","D:\Repository\go\unik\MP\bench_runs\clips_full\a\clip_20s_120s\results.csv"
"a/clip_20s_120s","6","6","61,278628","1m1.2786278s","D:\Repository\go\unik\MP\bench_runs\clips_full\a\clip_20s_120s\results.csv"
"a/clip_20s_120s","6","8","66,654673","1m6.6546732s","D:\Repository\go\unik\MP\bench_runs\clips_full\a\clip_20s_120s\results.csv"
"a/clip_20s_120s","6","10","76,457386","1m16.4573857s","D:\Repository\go\unik\MP\bench_runs\clips_full\a\clip_20s_120s\results.csv"
"a/clip_20s_120s","6","12","76,804561","1m16.8045608s","D:\Repository\go\unik\MP\bench_runs\clips_full\a\clip_20s_120s\results.csv"
"a/clip_20s_120s","6","16","77,404867","1m17.4048672s","D:\Repository\go\unik\MP\bench_runs\clips_full\a\clip_20s_120s\results.csv"
"a/clip_20s_120s","6","32","77,03978","1m17.03978s","D:\Repository\go\unik\MP\bench_runs\clips_full\a\clip_20s_120s\results.csv"
"a/clip_20s_120s","6","64","76,096317","1m16.0963172s","D:\Repository\go\unik\MP\bench_runs\clips_full\a\clip_20s_120s\results.csv"
"a/clip_20s_120s","6","128","76,873785","1m16.8737855s","D:\Repository\go\unik\MP\bench_runs\clips_full\a\clip_20s_120s\results.csv"
"a/clip_20s_30s","1","1","21,420211","21.4202106s","D:\Repository\go\unik\MP\bench_runs\clips_full\a\clip_20s_30s\results.csv"
"a/clip_20s_30s","1","2","22,55036","22.5503599s","D:\Repository\go\unik\MP\bench_runs\clips_full\a\clip_20s_30s\results.csv"
"a/clip_20s_30s","1","4","21,402857","21.4028575s","D:\Repository\go\unik\MP\bench_runs\clips_full\a\clip_20s_30s\results.csv"
"a/clip_20s_30s","1","6","20,447087","20.4470869s","D:\Repository\go\unik\MP\bench_runs\clips_full\a\clip_20s_30s\results.csv"
"a/clip_20s_30s","1","8","21,254334","21.254334s","D:\Repository\go\unik\MP\bench_runs\clips_full\a\clip_20s_30s\results.csv"
"a/clip_20s_30s","1","10","20,224998","20.2249975s","D:\Repository\go\unik\MP\bench_runs\clips_full\a\clip_20s_30s\results.csv"
"a/clip_20s_30s","1","12","20,577296","20.5772965s","D:\Repository\go\unik\MP\bench_runs\clips_full\a\clip_20s_30s\results.csv"
"a/clip_20s_30s","1","16","20,183426","20.1834263s","D:\Repository\go\unik\MP\bench_runs\clips_full\a\clip_20s_30s\results.csv"
"a/clip_20s_30s","1","32","20,261083","20.261083s","D:\Repository\go\unik\MP\bench_runs\clips_full\a\clip_20s_30s\results.csv"
"a/clip_20s_30s","1","64","20,389528","20.3895283s","D:\Repository\go\unik\MP\bench_runs\clips_full\a\clip_20s_30s\results.csv"
"a/clip_20s_30s","1","128","19,713726","19.7137263s","D:\Repository\go\unik\MP\bench_runs\clips_full\a\clip_20s_30s\results.csv"
"a/clip_20s_30s","6","1","24,110849","24.1108491s","D:\Repository\go\unik\MP\bench_runs\clips_full\a\clip_20s_30s\results.csv"
"a/clip_20s_30s","6","2","22,393019","22.3930191s","D:\Repository\go\unik\MP\bench_runs\clips_full\a\clip_20s_30s\results.csv"
"a/clip_20s_30s","6","4","20,655681","20.6556807s","D:\Repository\go\unik\MP\bench_runs\clips_full\a\clip_20s_30s\results.csv"
"a/clip_20s_30s","6","6","20,356692","20.3566921s","D:\Repository\go\unik\MP\bench_runs\clips_full\a\clip_20s_30s\results.csv"
"a/clip_20s_30s","6","8","19,483168","19.4831678s","D:\Repository\go\unik\MP\bench_runs\clips_full\a\clip_20s_30s\results.csv"
"a/clip_20s_30s","6","10","20,520512","20.5205122s","D:\Repository\go\unik\MP\bench_runs\clips_full\a\clip_20s_30s\results.csv"
"a/clip_20s_30s","6","12","20,193924","20.1939237s","D:\Repository\go\unik\MP\bench_runs\clips_full\a\clip_20s_30s\results.csv"
"a/clip_20s_30s","6","16","20,101111","20.1011115s","D:\Repository\go\unik\MP\bench_runs\clips_full\a\clip_20s_30s\results.csv"
"a/clip_20s_30s","6","32","20,042807","20.0428075s","D:\Repository\go\unik\MP\bench_runs\clips_full\a\clip_20s_30s\results.csv"
"a/clip_20s_30s","6","64","20,252284","20.2522838s","D:\Repository\go\unik\MP\bench_runs\clips_full\a\clip_20s_30s\results.csv"
"a/clip_20s_30s","6","128","19,884193","19.884193s","D:\Repository\go\unik\MP\bench_runs\clips_full\a\clip_20s_30s\results.csv"
"a/clip_20s_60s","1","1","44,728312","44.7283118s","D:\Repository\go\unik\MP\bench_runs\clips_full\a\clip_20s_60s\results.csv"
"a/clip_20s_60s","1","2","41,455176","41.4551761s","D:\Repository\go\unik\MP\bench_runs\clips_full\a\clip_20s_60s\results.csv"
"a/clip_20s_60s","1","4","38,256013","38.2560127s","D:\Repository\go\unik\MP\bench_runs\clips_full\a\clip_20s_60s\results.csv"
"a/clip_20s_60s","1","6","39,904257","39.9042573s","D:\Repository\go\unik\MP\bench_runs\clips_full\a\clip_20s_60s\results.csv"
"a/clip_20s_60s","1","8","37,568295","37.5682951s","D:\Repository\go\unik\MP\bench_runs\clips_full\a\clip_20s_60s\results.csv"
"a/clip_20s_60s","1","10","34,467326","34.4673256s","D:\Repository\go\unik\MP\bench_runs\clips_full\a\clip_20s_60s\results.csv"
"a/clip_20s_60s","1","12","32,697947","32.6979469s","D:\Repository\go\unik\MP\bench_runs\clips_full\a\clip_20s_60s\results.csv"
"a/clip_20s_60s","1","16","36,140023","36.1400225s","D:\Repository\go\unik\MP\bench_runs\clips_full\a\clip_20s_60s\results.csv"
"a/clip_20s_60s","1","32","38,895693","38.8956928s","D:\Repository\go\unik\MP\bench_runs\clips_full\a\clip_20s_60s\results.csv"
"a/clip_20s_60s","1","64","37,269411","37.2694108s","D:\Repository\go\unik\MP\bench_runs\clips_full\a\clip_20s_60s\results.csv"
"a/clip_20s_60s","1","128","37,953395","37.9533954s","D:\Repository\go\unik\MP\bench_runs\clips_full\a\clip_20s_60s\results.csv"
"a/clip_20s_60s","6","1","47,931471","47.9314713s","D:\Repository\go\unik\MP\bench_runs\clips_full\a\clip_20s_60s\results.csv"
"a/clip_20s_60s","6","2","44,8462","44.8462s","D:\Repository\go\unik\MP\bench_runs\clips_full\a\clip_20s_60s\results.csv"
"a/clip_20s_60s","6","4","43,949722","43.9497221s","D:\Repository\go\unik\MP\bench_runs\clips_full\a\clip_20s_60s\results.csv"
"a/clip_20s_60s","6","6","41,695083","41.6950832s","D:\Repository\go\unik\MP\bench_runs\clips_full\a\clip_20s_60s\results.csv"
"a/clip_20s_60s","6","8","40,288665","40.2886645s","D:\Repository\go\unik\MP\bench_runs\clips_full\a\clip_20s_60s\results.csv"
"a/clip_20s_60s","6","10","40,211006","40.2110064s","D:\Repository\go\unik\MP\bench_runs\clips_full\a\clip_20s_60s\results.csv"
"a/clip_20s_60s","6","12","38,232933","38.2329329s","D:\Repository\go\unik\MP\bench_runs\clips_full\a\clip_20s_60s\results.csv"
"a/clip_20s_60s","6","16","38,514804","38.5148038s","D:\Repository\go\unik\MP\bench_runs\clips_full\a\clip_20s_60s\results.csv"
"a/clip_20s_60s","6","32","40,675545","40.6755448s","D:\Repository\go\unik\MP\bench_runs\clips_full\a\clip_20s_60s\results.csv"
"a/clip_20s_60s","6","64","43,00535","43.0053496s","D:\Repository\go\unik\MP\bench_runs\clips_full\a\clip_20s_60s\results.csv"
"a/clip_20s_60s","6","128","40,319816","40.3198162s","D:\Repository\go\unik\MP\bench_runs\clips_full\a\clip_20s_60s\results.csv"
"b/clip_60s_120s","1","1","49,348877","49.3488771s","D:\Repository\go\unik\MP\bench_runs\clips_full\b\clip_60s_120s\results.csv"
"b/clip_60s_120s","1","2","44,74941","44.7494099s","D:\Repository\go\unik\MP\bench_runs\clips_full\b\clip_60s_120s\results.csv"
"b/clip_60s_120s","1","4","41,453715","41.4537153s","D:\Repository\go\unik\MP\bench_runs\clips_full\b\clip_60s_120s\results.csv"
"b/clip_60s_120s","1","6","41,50234","41.5023403s","D:\Repository\go\unik\MP\bench_runs\clips_full\b\clip_60s_120s\results.csv"
"b/clip_60s_120s","1","8","40,609561","40.6095606s","D:\Repository\go\unik\MP\bench_runs\clips_full\b\clip_60s_120s\results.csv"
"b/clip_60s_120s","1","10","41,184836","41.184836s","D:\Repository\go\unik\MP\bench_runs\clips_full\b\clip_60s_120s\results.csv"
"b/clip_60s_120s","1","12","40,83845","40.83845s","D:\Repository\go\unik\MP\bench_runs\clips_full\b\clip_60s_120s\results.csv"
"b/clip_60s_120s","1","16","39,589141","39.5891411s","D:\Repository\go\unik\MP\bench_runs\clips_full\b\clip_60s_120s\results.csv"
"b/clip_60s_120s","1","32","39,444937","39.4449371s","D:\Repository\go\unik\MP\bench_runs\clips_full\b\clip_60s_120s\results.csv"
"b/clip_60s_120s","1","64","39,871001","39.871001s","D:\Repository\go\unik\MP\bench_runs\clips_full\b\clip_60s_120s\results.csv"
"b/clip_60s_120s","1","128","39,684782","39.6847818s","D:\Repository\go\unik\MP\bench_runs\clips_full\b\clip_60s_120s\results.csv"
"b/clip_60s_120s","6","1","54,330575","54.3305746s","D:\Repository\go\unik\MP\bench_runs\clips_full\b\clip_60s_120s\results.csv"
"b/clip_60s_120s","6","2","44,566197","44.5661966s","D:\Repository\go\unik\MP\bench_runs\clips_full\b\clip_60s_120s\results.csv"
"b/clip_60s_120s","6","4","42,30948","42.3094796s","D:\Repository\go\unik\MP\bench_runs\clips_full\b\clip_60s_120s\results.csv"
"b/clip_60s_120s","6","6","39,17612","39.1761197s","D:\Repository\go\unik\MP\bench_runs\clips_full\b\clip_60s_120s\results.csv"
"b/clip_60s_120s","6","8","37,193824","37.1938238s","D:\Repository\go\unik\MP\bench_runs\clips_full\b\clip_60s_120s\results.csv"
"b/clip_60s_120s","6","10","37,13828","37.1382801s","D:\Repository\go\unik\MP\bench_runs\clips_full\b\clip_60s_120s\results.csv"
"b/clip_60s_120s","6","12","38,815061","38.8150612s","D:\Repository\go\unik\MP\bench_runs\clips_full\b\clip_60s_120s\results.csv"
"b/clip_60s_120s","6","16","39,66329","39.6632902s","D:\Repository\go\unik\MP\bench_runs\clips_full\b\clip_60s_120s\results.csv"
"b/clip_60s_120s","6","32","37,33959","37.3395896s","D:\Repository\go\unik\MP\bench_runs\clips_full\b\clip_60s_120s\results.csv"
"b/clip_60s_120s","6","64","37,543267","37.5432666s","D:\Repository\go\unik\MP\bench_runs\clips_full\b\clip_60s_120s\results.csv"
"b/clip_60s_120s","6","128","37,393963","37.393963s","D:\Repository\go\unik\MP\bench_runs\clips_full\b\clip_60s_120s\results.csv"
"b/clip_60s_30s","1","1","9,111268","9.1112685s","D:\Repository\go\unik\MP\bench_runs\clips_full\b\clip_60s_30s\results.csv"
"b/clip_60s_30s","1","2","9,984091","9.9840911s","D:\Repository\go\unik\MP\bench_runs\clips_full\b\clip_60s_30s\results.csv"
"b/clip_60s_30s","1","4","9,815246","9.8152458s","D:\Repository\go\unik\MP\bench_runs\clips_full\b\clip_60s_30s\results.csv"
"b/clip_60s_30s","1","6","9,673469","9.6734694s","D:\Repository\go\unik\MP\bench_runs\clips_full\b\clip_60s_30s\results.csv"
"b/clip_60s_30s","1","8","9,933414","9.9334144s","D:\Repository\go\unik\MP\bench_runs\clips_full\b\clip_60s_30s\results.csv"
"b/clip_60s_30s","1","10","10,434917","10.4349168s","D:\Repository\go\unik\MP\bench_runs\clips_full\b\clip_60s_30s\results.csv"
"b/clip_60s_30s","1","12","9,900119","9.9001186s","D:\Repository\go\unik\MP\bench_runs\clips_full\b\clip_60s_30s\results.csv"
"b/clip_60s_30s","1","16","9,891727","9.8917265s","D:\Repository\go\unik\MP\bench_runs\clips_full\b\clip_60s_30s\results.csv"
"b/clip_60s_30s","1","32","10,079761","10.0797609s","D:\Repository\go\unik\MP\bench_runs\clips_full\b\clip_60s_30s\results.csv"
"b/clip_60s_30s","1","64","9,658331","9.6583306s","D:\Repository\go\unik\MP\bench_runs\clips_full\b\clip_60s_30s\results.csv"
"b/clip_60s_30s","1","128","9,612373","9.6123734s","D:\Repository\go\unik\MP\bench_runs\clips_full\b\clip_60s_30s\results.csv"
"b/clip_60s_30s","6","1","14,191254","14.1912536s","D:\Repository\go\unik\MP\bench_runs\clips_full\b\clip_60s_30s\results.csv"
"b/clip_60s_30s","6","2","11,843644","11.8436445s","D:\Repository\go\unik\MP\bench_runs\clips_full\b\clip_60s_30s\results.csv"
"b/clip_60s_30s","6","4","12,013555","12.0135551s","D:\Repository\go\unik\MP\bench_runs\clips_full\b\clip_60s_30s\results.csv"
"b/clip_60s_30s","6","6","11,345879","11.3458787s","D:\Repository\go\unik\MP\bench_runs\clips_full\b\clip_60s_30s\results.csv"
"b/clip_60s_30s","6","8","11,559527","11.5595268s","D:\Repository\go\unik\MP\bench_runs\clips_full\b\clip_60s_30s\results.csv"
"b/clip_60s_30s","6","10","11,384896","11.3848964s","D:\Repository\go\unik\MP\bench_runs\clips_full\b\clip_60s_30s\results.csv"
"b/clip_60s_30s","6","12","11,002714","11.0027143s","D:\Repository\go\unik\MP\bench_runs\clips_full\b\clip_60s_30s\results.csv"
"b/clip_60s_30s","6","16","11,474548","11.4745478s","D:\Repository\go\unik\MP\bench_runs\clips_full\b\clip_60s_30s\results.csv"
"b/clip_60s_30s","6","32","10,988058","10.988058s","D:\Repository\go\unik\MP\bench_runs\clips_full\b\clip_60s_30s\results.csv"
"b/clip_60s_30s","6","64","11,000604","11.0006044s","D:\Repository\go\unik\MP\bench_runs\clips_full\b\clip_60s_30s\results.csv"
"b/clip_60s_30s","6","128","11,480689","11.4806887s","D:\Repository\go\unik\MP\bench_runs\clips_full\b\clip_60s_30s\results.csv"
"b/clip_60s_60s","1","1","24,52391","24.5239098s","D:\Repository\go\unik\MP\bench_runs\clips_full\b\clip_60s_60s\results.csv"
"b/clip_60s_60s","1","2","22,043764","22.0437641s","D:\Repository\go\unik\MP\bench_runs\clips_full\b\clip_60s_60s\results.csv"
"b/clip_60s_60s","1","4","21,578371","21.5783713s","D:\Repository\go\unik\MP\bench_runs\clips_full\b\clip_60s_60s\results.csv"
"b/clip_60s_60s","1","6","20,610304","20.6103038s","D:\Repository\go\unik\MP\bench_runs\clips_full\b\clip_60s_60s\results.csv"
"b/clip_60s_60s","1","8","20,465167","20.4651669s","D:\Repository\go\unik\MP\bench_runs\clips_full\b\clip_60s_60s\results.csv"
"b/clip_60s_60s","1","10","20,883353","20.8833526s","D:\Repository\go\unik\MP\bench_runs\clips_full\b\clip_60s_60s\results.csv"
"b/clip_60s_60s","1","12","21,021368","21.0213683s","D:\Repository\go\unik\MP\bench_runs\clips_full\b\clip_60s_60s\results.csv"
"b/clip_60s_60s","1","16","21,761631","21.7616308s","D:\Repository\go\unik\MP\bench_runs\clips_full\b\clip_60s_60s\results.csv"
"b/clip_60s_60s","1","32","21,150282","21.1502816s","D:\Repository\go\unik\MP\bench_runs\clips_full\b\clip_60s_60s\results.csv"
"b/clip_60s_60s","1","64","21,219439","21.2194388s","D:\Repository\go\unik\MP\bench_runs\clips_full\b\clip_60s_60s\results.csv"
"b/clip_60s_60s","1","128","20,856637","20.8566367s","D:\Repository\go\unik\MP\bench_runs\clips_full\b\clip_60s_60s\results.csv"
"b/clip_60s_60s","6","1","29,469415","29.4694148s","D:\Repository\go\unik\MP\bench_runs\clips_full\b\clip_60s_60s\results.csv"
"b/clip_60s_60s","6","2","27,087838","27.0878376s","D:\Repository\go\unik\MP\bench_runs\clips_full\b\clip_60s_60s\results.csv"
"b/clip_60s_60s","6","4","25,840139","25.8401391s","D:\Repository\go\unik\MP\bench_runs\clips_full\b\clip_60s_60s\results.csv"
"b/clip_60s_60s","6","6","24,780678","24.7806779s","D:\Repository\go\unik\MP\bench_runs\clips_full\b\clip_60s_60s\results.csv"
"b/clip_60s_60s","6","8","24,152426","24.152426s","D:\Repository\go\unik\MP\bench_runs\clips_full\b\clip_60s_60s\results.csv"
"b/clip_60s_60s","6","10","24,826358","24.8263583s","D:\Repository\go\unik\MP\bench_runs\clips_full\b\clip_60s_60s\results.csv"
"b/clip_60s_60s","6","12","24,524847","24.5248471s","D:\Repository\go\unik\MP\bench_runs\clips_full\b\clip_60s_60s\results.csv"
"b/clip_60s_60s","6","16","24,155084","24.1550839s","D:\Repository\go\unik\MP\bench_runs\clips_full\b\clip_60s_60s\results.csv"
"b/clip_60s_60s","6","32","23,705797","23.7057966s","D:\Repository\go\unik\MP\bench_runs\clips_full\b\clip_60s_60s\results.csv"
"b/clip_60s_60s","6","64","23,497152","23.4971523s","D:\Repository\go\unik\MP\bench_runs\clips_full\b\clip_60s_60s\results.csv"
"b/clip_60s_60s","6","128","23,640565","23.6405651s","D:\Repository\go\unik\MP\bench_runs\clips_full\b\clip_60s_60s\results.csv"
"c/clip_0s_120s","1","1","10,567058","10.5670581s","D:\Repository\go\unik\MP\bench_runs\clips_full\c\clip_0s_120s\results.csv"
"c/clip_0s_120s","1","2","10,98357","10.9835701s","D:\Repository\go\unik\MP\bench_runs\clips_full\c\clip_0s_120s\results.csv"
"c/clip_0s_120s","1","4","10,0136","10.0135997s","D:\Repository\go\unik\MP\bench_runs\clips_full\c\clip_0s_120s\results.csv"
"c/clip_0s_120s","1","6","9,428563","9.4285633s","D:\Repository\go\unik\MP\bench_runs\clips_full\c\clip_0s_120s\results.csv"
"c/clip_0s_120s","1","8","8,667204","8.6672042s","D:\Repository\go\unik\MP\bench_runs\clips_full\c\clip_0s_120s\results.csv"
"c/clip_0s_120s","1","10","9,029966","9.0299657s","D:\Repository\go\unik\MP\bench_runs\clips_full\c\clip_0s_120s\results.csv"
"c/clip_0s_120s","1","12","9,382128","9.3821278s","D:\Repository\go\unik\MP\bench_runs\clips_full\c\clip_0s_120s\results.csv"
"c/clip_0s_120s","1","16","8,634633","8.6346328s","D:\Repository\go\unik\MP\bench_runs\clips_full\c\clip_0s_120s\results.csv"
"c/clip_0s_120s","1","32","8,748764","8.7487641s","D:\Repository\go\unik\MP\bench_runs\clips_full\c\clip_0s_120s\results.csv"
"c/clip_0s_120s","1","64","9,400831","9.4008312s","D:\Repository\go\unik\MP\bench_runs\clips_full\c\clip_0s_120s\results.csv"
"c/clip_0s_120s","1","128","9,096118","9.0961177s","D:\Repository\go\unik\MP\bench_runs\clips_full\c\clip_0s_120s\results.csv"
"c/clip_0s_120s","6","1","11,53646","11.5364598s","D:\Repository\go\unik\MP\bench_runs\clips_full\c\clip_0s_120s\results.csv"
"c/clip_0s_120s","6","2","11,503784","11.5037839s","D:\Repository\go\unik\MP\bench_runs\clips_full\c\clip_0s_120s\results.csv"
"c/clip_0s_120s","6","4","10,704138","10.7041376s","D:\Repository\go\unik\MP\bench_runs\clips_full\c\clip_0s_120s\results.csv"
"c/clip_0s_120s","6","6","11,261237","11.2612373s","D:\Repository\go\unik\MP\bench_runs\clips_full\c\clip_0s_120s\results.csv"
"c/clip_0s_120s","6","8","10,961515","10.9615152s","D:\Repository\go\unik\MP\bench_runs\clips_full\c\clip_0s_120s\results.csv"
"c/clip_0s_120s","6","10","10,457023","10.4570228s","D:\Repository\go\unik\MP\bench_runs\clips_full\c\clip_0s_120s\results.csv"
"c/clip_0s_120s","6","12","10,875437","10.8754372s","D:\Repository\go\unik\MP\bench_runs\clips_full\c\clip_0s_120s\results.csv"
"c/clip_0s_120s","6","16","10,878752","10.8787523s","D:\Repository\go\unik\MP\bench_runs\clips_full\c\clip_0s_120s\results.csv"
"c/clip_0s_120s","6","32","10,354557","10.3545573s","D:\Repository\go\unik\MP\bench_runs\clips_full\c\clip_0s_120s\results.csv"
"c/clip_0s_120s","6","64","11,138679","11.138679s","D:\Repository\go\unik\MP\bench_runs\clips_full\c\clip_0s_120s\results.csv"
"c/clip_0s_120s","6","128","10,829691","10.829691s","D:\Repository\go\unik\MP\bench_runs\clips_full\c\clip_0s_120s\results.csv"
"c/clip_0s_30s","1","1","2,086847","2.086847s","D:\Repository\go\unik\MP\bench_runs\clips_full\c\clip_0s_30s\results.csv"
"c/clip_0s_30s","1","2","1,803498","1.8034984s","D:\Repository\go\unik\MP\bench_runs\clips_full\c\clip_0s_30s\results.csv"
"c/clip_0s_30s","1","4","1,572204","1.5722042s","D:\Repository\go\unik\MP\bench_runs\clips_full\c\clip_0s_30s\results.csv"
"c/clip_0s_30s","1","6","1,603508","1.6035084s","D:\Repository\go\unik\MP\bench_runs\clips_full\c\clip_0s_30s\results.csv"
"c/clip_0s_30s","1","8","1,594851","1.5948509s","D:\Repository\go\unik\MP\bench_runs\clips_full\c\clip_0s_30s\results.csv"
"c/clip_0s_30s","1","10","1,691267","1.6912671s","D:\Repository\go\unik\MP\bench_runs\clips_full\c\clip_0s_30s\results.csv"
"c/clip_0s_30s","1","12","1,692064","1.6920643s","D:\Repository\go\unik\MP\bench_runs\clips_full\c\clip_0s_30s\results.csv"
"c/clip_0s_30s","1","16","1,745515","1.7455145s","D:\Repository\go\unik\MP\bench_runs\clips_full\c\clip_0s_30s\results.csv"
"c/clip_0s_30s","1","32","1,814893","1.8148934s","D:\Repository\go\unik\MP\bench_runs\clips_full\c\clip_0s_30s\results.csv"
"c/clip_0s_30s","1","64","1,843443","1.8434432s","D:\Repository\go\unik\MP\bench_runs\clips_full\c\clip_0s_30s\results.csv"
"c/clip_0s_30s","1","128","1,974348","1.9743484s","D:\Repository\go\unik\MP\bench_runs\clips_full\c\clip_0s_30s\results.csv"
"c/clip_0s_30s","6","1","2,690354","2.6903545s","D:\Repository\go\unik\MP\bench_runs\clips_full\c\clip_0s_30s\results.csv"
"c/clip_0s_30s","6","2","2,300006","2.3000056s","D:\Repository\go\unik\MP\bench_runs\clips_full\c\clip_0s_30s\results.csv"
"c/clip_0s_30s","6","4","2,353102","2.3531023s","D:\Repository\go\unik\MP\bench_runs\clips_full\c\clip_0s_30s\results.csv"
"c/clip_0s_30s","6","6","2,315587","2.315587s","D:\Repository\go\unik\MP\bench_runs\clips_full\c\clip_0s_30s\results.csv"
"c/clip_0s_30s","6","8","2,411276","2.411276s","D:\Repository\go\unik\MP\bench_runs\clips_full\c\clip_0s_30s\results.csv"
"c/clip_0s_30s","6","10","2,666775","2.6667753s","D:\Repository\go\unik\MP\bench_runs\clips_full\c\clip_0s_30s\results.csv"
"c/clip_0s_30s","6","12","2,306199","2.3061989s","D:\Repository\go\unik\MP\bench_runs\clips_full\c\clip_0s_30s\results.csv"
"c/clip_0s_30s","6","16","2,417789","2.417789s","D:\Repository\go\unik\MP\bench_runs\clips_full\c\clip_0s_30s\results.csv"
"c/clip_0s_30s","6","32","2,293971","2.2939712s","D:\Repository\go\unik\MP\bench_runs\clips_full\c\clip_0s_30s\results.csv"
"c/clip_0s_30s","6","64","2,401484","2.4014844s","D:\Repository\go\unik\MP\bench_runs\clips_full\c\clip_0s_30s\results.csv"
"c/clip_0s_30s","6","128","2,405608","2.4056077s","D:\Repository\go\unik\MP\bench_runs\clips_full\c\clip_0s_30s\results.csv"
"c/clip_0s_60s","1","1","4,785363","4.7853632s","D:\Repository\go\unik\MP\bench_runs\clips_full\c\clip_0s_60s\results.csv"
"c/clip_0s_60s","1","2","4,395201","4.3952007s","D:\Repository\go\unik\MP\bench_runs\clips_full\c\clip_0s_60s\results.csv"
"c/clip_0s_60s","1","4","4,220904","4.2209045s","D:\Repository\go\unik\MP\bench_runs\clips_full\c\clip_0s_60s\results.csv"
"c/clip_0s_60s","1","6","4,583667","4.5836672s","D:\Repository\go\unik\MP\bench_runs\clips_full\c\clip_0s_60s\results.csv"
"c/clip_0s_60s","1","8","4,278111","4.2781105s","D:\Repository\go\unik\MP\bench_runs\clips_full\c\clip_0s_60s\results.csv"
"c/clip_0s_60s","1","10","4,16372","4.1637195s","D:\Repository\go\unik\MP\bench_runs\clips_full\c\clip_0s_60s\results.csv"
"c/clip_0s_60s","1","12","3,958281","3.9582808s","D:\Repository\go\unik\MP\bench_runs\clips_full\c\clip_0s_60s\results.csv"
"c/clip_0s_60s","1","16","4,107532","4.1075316s","D:\Repository\go\unik\MP\bench_runs\clips_full\c\clip_0s_60s\results.csv"
"c/clip_0s_60s","1","32","4,140414","4.1404137s","D:\Repository\go\unik\MP\bench_runs\clips_full\c\clip_0s_60s\results.csv"
"c/clip_0s_60s","1","64","4,643206","4.6432065s","D:\Repository\go\unik\MP\bench_runs\clips_full\c\clip_0s_60s\results.csv"
"c/clip_0s_60s","1","128","4,83358","4.8335798s","D:\Repository\go\unik\MP\bench_runs\clips_full\c\clip_0s_60s\results.csv"
"c/clip_0s_60s","6","1","5,732222","5.7322216s","D:\Repository\go\unik\MP\bench_runs\clips_full\c\clip_0s_60s\results.csv"
"c/clip_0s_60s","6","2","5,100803","5.1008027s","D:\Repository\go\unik\MP\bench_runs\clips_full\c\clip_0s_60s\results.csv"
"c/clip_0s_60s","6","4","4,883023","4.8830231s","D:\Repository\go\unik\MP\bench_runs\clips_full\c\clip_0s_60s\results.csv"
"c/clip_0s_60s","6","6","4,899971","4.8999714s","D:\Repository\go\unik\MP\bench_runs\clips_full\c\clip_0s_60s\results.csv"
"c/clip_0s_60s","6","8","5,249364","5.2493643s","D:\Repository\go\unik\MP\bench_runs\clips_full\c\clip_0s_60s\results.csv"
"c/clip_0s_60s","6","10","5,827755","5.8277546s","D:\Repository\go\unik\MP\bench_runs\clips_full\c\clip_0s_60s\results.csv"
"c/clip_0s_60s","6","12","5,359779","5.3597789s","D:\Repository\go\unik\MP\bench_runs\clips_full\c\clip_0s_60s\results.csv"
"c/clip_0s_60s","6","16","5,049131","5.049131s","D:\Repository\go\unik\MP\bench_runs\clips_full\c\clip_0s_60s\results.csv"
"c/clip_0s_60s","6","32","5,365889","5.3658895s","D:\Repository\go\unik\MP\bench_runs\clips_full\c\clip_0s_60s\results.csv"
"c/clip_0s_60s","6","64","5,477243","5.4772432s","D:\Repository\go\unik\MP\bench_runs\clips_full\c\clip_0s_60s\results.csv"
"c/clip_0s_60s","6","128","5,609741","5.6097414s","D:\Repository\go\unik\MP\bench_runs\clips_full\c\clip_0s_60s\results.csv"
